{
    "Bank": {
        "x": 246.64202880859375,
        "y": 221.6378631591797,
        "z": 105.28675079345703,
        "range": 2.0
    },
    "ATM1": {
        "x": 89.46865844726562,
        "y": 2.064429759979248,
        "z": 68.3354721069336,
        "range": 2.0
    },
    "ATM2": {
        "x": 313.59539794921875,
        "y": -278.8630676269531,
        "z": 54.1707878112793,
        "range": 2.0
    },
    "ATM3": {
        "x": 119.03710174560547,
        "y": -883.9938354492188,
        "z": 31.12306022644043,
        "range": 2.0
    },
    "ATM4": {
        "x": 146.7614288330078,
        "y": -1035.2440185546875,
        "z": 29.344083786010742,
        "range": 2.0
    },
    "ATM5": {
        "x": 149.65414428710938,
        "y": -1040.640625,
        "z": 29.37397384643554,
        "range": 2.0
    }
}
