{
    "Bank": {
        "x": 246.64202880859375,
        "y": 221.6378631591797,
        "z": 105.28675079345703,
        "range": 2.0
    }
}
