{
  "bank": {
    "x": 232.7639,
    "y": 215.9510,
    "z": 106.2866
  },
  "casino": {
    "x": 1100.000,
    "y": 220.000,
    "z": -50.000,
    "ipl": "vw_casino_main"
  },
  "gunstore": {
    "x": 246.593017578125,
    "y": -46.60612869262695,
    "z": 69.9410629272461
  },
  "carshop": {
    "x": -62.6601,
    "y": -1093.3443,
    "z": 26.4905
  }
}