{
    "Ammo": {
        "markerType": 1,
        "position": {
            "x": 252.0848846435547,
            "y": -49.68246078491211,
            "z": 68.5410629272461
        },
        "scale": 1.0,
        "options": {
            "color": [30, 90, 200, 70],
            "direction": 0,
            "dimension": 0,
            "rotation": 0,
            "visible": true
        }
    }
}