{
    "Ammu": {
        "x": 252.0848846435547,
        "y": -49.68246078491211,
        "z": 69.9410629272461,
        "range": 1.0
    }
}